Question,Answer
"What materials is the Sedelo sofa made of?","The Sedelo sofa features a solid wood frame, high-density foam cushions, and premium fabric upholstery."
"Is the Sedelo sofa easy to assemble?","The Sedelo sofa requires minimal assembly, typically just attaching the legs. Clear instructions are included."
"What are the dimensions of the Sedelo sofa?","The Sedelo sofa is [insert dimensions here]. Please check our product page for exact measurements."
"Is the Sedelo sofa available in different sizes?","Yes, the Sedelo sofa is available in various sizes, including loveseat, three-seater, and sectional options."
"Is the Sedelo sofa available in different colors and fabrics?","Yes, the Sedelo sofa is available in a wide range of colors and fabric options."
"What is the weight capacity of the Sedelo sofa?","The Sedelo sofa can support up to [insert weight capacity here] pounds."
"Is the Sedelo sofa suitable for a small living room?","Yes, the Sedelo sofa's design is versatile and suitable for various room sizes, including small living rooms."
"How do I clean the Sedelo sofa's upholstery?","For regular cleaning, vacuum the upholstery. For stains, use a mild fabric cleaner or consult a professional."
"Is the Sedelo sofa covered by a warranty?","Yes, the Sedelo sofa comes with a [insert warranty period] warranty."
"Can I see a 3D model of the Sedelo sofa?","3D models and detailed images are available on our product page."
"How much does the Sedelo sofa weigh?","The Sedelo sofa weighs [insert weight here] pounds."
"Are the Sedelo sofa's cushions removable?","Yes, the Sedelo sofa's seat and back cushions are removable."
"Can I purchase replacement cushion covers for the Sedelo sofa?","Replacement cushion covers may be available. Please contact our customer service."
"Is the fabric on the Sedelo sofa stain-resistant?","The fabric is durable but not stain-proof. Prompt cleaning is recommended for spills."
"Does the Sedelo sofa have any sharp edges?","The Sedelo sofa is designed with smooth, rounded edges for safety."
"How deep are the Sedelo sofa's seat cushions?","The seat cushion depth is [insert depth here]. Please check the product specifications."
"Is the Sedelo sofa suitable for everyday use?","Yes, the Sedelo sofa is designed for everyday comfort and durability."
"Can I use the Sedelo sofa outdoors?","The Sedelo sofa is designed for indoor use only."
"What type of wood is used in the Sedelo sofa's frame?","The Sedelo sofa's frame is made of solid [insert wood type here] wood."
"Is the Sedelo sofa's cushion foam hypoallergenic?","The cushion foam is designed to be hypoallergenic. Please check the product specifications."
"Can I place heavy objects on the Sedelo sofa's cushions?","The Sedelo sofa is designed for seating use, but avoid excessive weight on the cushions."
"Is the Sedelo sofa shipped in multiple boxes?","The Sedelo sofa is shipped in multiple boxes, depending on the size and configuration."
"Can I finance the purchase of the Sedelo sofa?","Financing options may be available. Please check our website for details."
"Does the Sedelo sofa have any floor protectors on the legs?","The Sedelo sofa has protective feet to prevent floor scratching."
"Can I see customer reviews of the Sedelo sofa?","Customer reviews can be found on our website."
"Is the Sedelo sofa made in Italy?","While M.O.D.A. is an Italian-inspired brand, manufacturing locations vary."
"What is the environmental impact of the Sedelo sofa?","We are committed to reducing our environmental impact. Please check our website."
"How often are new fabrics released for the Sedelo sofa?","New fabrics are released periodically. Please check our website."
"Can I purchase matching armchairs from the Sedelo collection?","Matching armchairs may be available. Please check our website."
"Is the Sedelo sofa's frame resistant to warping?","The frame is designed to resist warping under normal use."
"Does the Sedelo sofa require any special tools for assembly?","The Sedelo sofa can be assembled with the included tools."
"Can I use the Sedelo sofa in a guest room?","Yes, the Sedelo sofa is suitable for guest rooms."
"Is the Sedelo sofa treated with any harmful chemicals?","The Sedelo sofa complies with standard furniture safety regulations."
"How do I dispose of the Sedelo sofa responsibly?","Check with local recycling or furniture disposal services for proper methods."
"Can I use the Sedelo sofa for sleeping?","While comfortable, the Sedelo sofa is not specifically designed for sleeping."
"Is the Sedelo sofa's fabric pet-friendly?","The fabric is durable, but pet claws may cause damage. Consider using protective covers."
"Does the Sedelo sofa have any built-in storage?","The Sedelo sofa does not have built-in storage."
"Can I request a fabric sample before purchasing the Sedelo sofa?","Fabric samples may be available. Please contact our customer service."
"Is the Sedelo sofa suitable for a formal living room?","The Sedelo sofa's design is suitable for various living room styles."
"Does the Sedelo sofa have a reversible cushion option?","Reversible cushions may be available. Please check the product specifications."
"Can I use the Sedelo sofa on a carpeted floor?","Yes, the Sedelo sofa is suitable for carpeted floors."
"Is the Sedelo sofa's frame treated to prevent insect infestations?","The frame is treated with standard furniture finishes."
"How do I prevent the Sedelo sofa cushions from sagging?","Regularly fluff the cushions and rotate them for even wear."
"Can I purchase the Sedelo sofa in bulk for a business?","For bulk purchases, please contact our sales department."
"Does the Sedelo sofa have any decorative stitching details?","Decorative stitching details may be present. Please check the product specifications."
"Is the Sedelo sofa's leg hardware made of metal?","The leg hardware is typically made of durable metal."
"Are there any child safety features on the Sedelo sofa?","The Sedelo sofa is designed with smooth edges, but ensure proper placement."
"Can I use the Sedelo sofa for home theater seating?","Yes, the Sedelo sofa is suitable for home theater seating."
"Does the Sedelo sofa have any adjustable headrests?","Adjustable headrests may be available. Please check the product specifications."